<?xml version="1.0" encoding="UTF-8"?>
<configuration>
    <statusListener class="ch.qos.logback.core.status.NopStatusListener" />
    <appender name="FILE" class="ch.qos.logback.core.rolling.RollingFileAppender">
        <file>log/upload_validate_java.log</file>
        <rollingPolicy class="ch.qos.logback.core.rolling.TimeBasedRollingPolicy">
            <fileNamePattern>log/upload_validate_java.%d{yyyy-MM-dd}.%i.log</fileNamePattern>
            <timeBasedFileNamingAndTriggeringPolicy class="ch.qos.logback.core.rolling.SizeAndTimeBasedFNATP">
                <maxFileSize>100MB</maxFileSize>
            </timeBasedFileNamingAndTriggeringPolicy>
            <!-- keep 30 days of history -->
            <maxHistory>30</maxHistory>
        </rollingPolicy>
        <encoder>
            <charset>UTF-8</charset>
            <pattern>%date{ISO8601} [%thread] %-5level %logger{36} - %msg %n</pattern>
        </encoder>
    </appender>
    <logger name="org.apache.http" level="warn">
        <AppenderRef ref="FILE"/>
    </logger>
    <logger name="org.xnio.nio" level="warn">
        <AppenderRef ref="FILE"/>
    </logger>
    <root level="INFO">
        <appender-ref ref="FILE" />
    </root>
</configuration>
